Course,AI_Generation_Time(s),Time_Reduction(%)
Intro to Machine Learning,41.95143365859985,86.01618878046672
Deep Learning Fundamentals,40.01645612716675,86.66118129094443
Data Science with Python,33.57529377937317,88.80823540687561
